<application>
  <component name="MaterialThemeConfig">
    <option name="highlightColorEnabled" value="true" />
    <option name="isCompactMenus" value="true" />
    <option name="isContrastMode" value="true" />
    <option name="isHighContrast" value="true" />
    <option name="isWizardShown" value="true" />
    <option name="overrideAccentColor" value="true" />
    <option name="pristineConfig" value="false" />
    <option name="useMaterialIcons" value="false" />
    <option name="tabOpacity" value="51" />
    <option name="accentColor" value="ff9800" />
    <option name="highlightColor" value="8f8d8c" />
    <option name="selectedTheme" value="DARKER" />
    <option name="userId" value="6beb7636:1682f81b4da:-8000" />
    <option name="version" value="3.3.0" />
  </component>
</application>