<application>
  <component name="ProjectManager">
    <defaultProject>
      <component name="Encoding" addBOMForNewFiles="with NO BOM" />
      <component name="FUSProjectUsageTrigger">
        <session id="719819659">
          <usages-collector id="statistics.terminalShell">
            <usage id="local.exec" value="6">
              <context>
                <entry key="data_1" value="Mac" />
                <entry key="data_2" value="macOS 10.14.2" />
                <entry key="data_3" value="other" />
              </context>
            </usage>
          </usages-collector>
        </session>
      </component>
      <component name="GradleLocalSettings">
        <option name="projectSyncType">
          <map>
            <entry key="$USER_HOME$/IdeaProjects/dynamometer" value="PREVIEW" />
          </map>
        </option>
      </component>
      <component name="ProjectRootManager" version="2" languageLevel="JDK_1_8" project-jdk-name="1.8.0_172" />
      <component name="PropertiesComponent">
        <property name="nodejs_interpreter_path.stuck_in_default_project" value="undefined stuck path" />
        <property name="nodejs_npm_path_reset_for_default_project" value="true" />
      </component>
      <component name="ScalaSbtSettings">
        <option name="customLauncherEnabled" value="true" />
        <option name="customLauncherPath" value="$USER_HOME$/.sbt/liplay/activator-launch-1.3.2.jar" />
        <option name="maximumHeapSize" value="2048" />
        <option name="vmParameters" value="-Dplay.version=2.4 -DartifactoryUrl=http://dev-artifactory.corp.linkedin.com:8081/artifactory -Dsbt.boot.properties=/Users/cgregori/.sbt/liplay/sbt.boot.properties -Dplay.home=/Users/cgregori/.sbt/liplay/framework -Dsbt.parser.simple=true" />
      </component>
      <component name="masterDetails">
        <states>
          <state key="ProjectJDKs.UI">
            <settings>
              <last-edited>1.8.0_172</last-edited>
              <splitter-proportions>
                <option name="proportions">
                  <list>
                    <option value="0.2" />
                  </list>
                </option>
              </splitter-proportions>
            </settings>
          </state>
        </states>
      </component>
    </defaultProject>
  </component>
</application>