<application>
  <component name="UISettings">
    <option name="FONT_FACE" value="Source Sans Pro" />
    <option name="FONT_SCALE" value="1.0" />
    <option name="FONT_SIZE" value="16" />
    <option name="OVERRIDE_NONIDEA_LAF_FONTS" value="true" />
    <option name="SHOW_MAIN_TOOLBAR" value="true" />
    <option name="SHOW_MEMORY_INDICATOR" value="true" />
    <option name="SHOW_NAVIGATION_BAR" value="false" />
    <option name="SHOW_STATUS_BAR" value="false" />
    <option name="WIDESCREEN_SUPPORT" value="true" />
  </component>
</application>