<application>
  <component name="GitRememberedInputs">
    <option name="visitedUrls">
      <list>
        <UrlAndUserName>
          <option name="url" value="ssh://git.corp.linkedin.com:29418/hadoop/hadoop.git" />
          <option name="userName" value="" />
        </UrlAndUserName>
        <UrlAndUserName>
          <option name="url" value="https://github.com/linkedin/dynamometer.git" />
          <option name="userName" value="" />
        </UrlAndUserName>
      </list>
    </option>
    <option name="cloneParentDir" value="$USER_HOME$/IdeaProjects" />
  </component>
  <component name="VcsApplicationSettings">
    <option name="PATCH_STORAGE_LOCATION" value="$USER_HOME$/src/hadoop-patches" />
  </component>
</application>